<?xml version="1.0" encoding="UTF-8"?>
<export version="D">
  <design>
    <source>C:\Users\riley\OneDrive\Desktop\NiCd Battery Project\NiCd Battery Tester Rev 3\NiCd Battery Tester Rev 3\NiCd Battery Tester PCB Rev 3.sch</source>
    <date>2021-04-15 5:06:43 PM</date>
    <tool>Eeschema (5.1.6)-1</tool>
    <sheet number="1" name="/" tstamps="/">
      <title_block>
        <title>NiCd CELL TESTING SHIELD</title>
        <company/>
        <rev>2A</rev>
        <date>2020-11-02</date>
        <source>NiCd Battery Tester PCB Rev 3.sch</source>
        <comment number="1" value=""/>
        <comment number="2" value=""/>
        <comment number="3" value=""/>
        <comment number="4" value=""/>
      </title_block>
    </sheet>
    <sheet number="2" name="/OP-AMPS/" tstamps="/6067C8D1/">
      <title_block>
        <title>NiCd Battery Tester</title>
        <company/>
        <rev>2A</rev>
        <date>2021-04-01</date>
        <source>NiCd Tester Rev 3 OP-AMPS.sch</source>
        <comment number="1" value=""/>
        <comment number="2" value=""/>
        <comment number="3" value=""/>
        <comment number="4" value=""/>
      </title_block>
    </sheet>
    <sheet number="3" name="/Microcontroller/" tstamps="/607B886A/">
      <title_block>
        <title>NiCd Battery Tester</title>
        <company/>
        <rev>2A</rev>
        <date>2021-04-01</date>
        <source>NiCd Tester Rev 3 Microcontroller.sch</source>
        <comment number="1" value=""/>
        <comment number="2" value=""/>
        <comment number="3" value=""/>
        <comment number="4" value=""/>
      </title_block>
    </sheet>
    <sheet number="4" name="/Power &amp; Connections/" tstamps="/607CEECB/">
      <title_block>
        <title>NiCd Battery Tester</title>
        <company/>
        <rev>2A</rev>
        <date>2021-04-01</date>
        <source>NiCd Tester Rev 3 Power &amp; Connections.sch</source>
        <comment number="1" value=""/>
        <comment number="2" value=""/>
        <comment number="3" value=""/>
        <comment number="4" value=""/>
      </title_block>
    </sheet>
  </design>
  <components>
    <comp ref="U1">
      <value>LM324A</value>
      <footprint>Package_DIP:DIP-14_W7.62mm_LongPads</footprint>
      <datasheet>http://www.ti.com/lit/ds/symlink/lm2902-n.pdf</datasheet>
      <libsource lib="Amplifier_Operational" part="LM324A" description="Low-Power, Quad-Operational Amplifiers, DIP-14/SOIC-14/SSOP-14"/>
      <sheetpath names="/OP-AMPS/" tstamps="/6067C8D1/"/>
      <tstamp>6078943D</tstamp>
    </comp>
    <comp ref="R2">
      <value>100K</value>
      <footprint>Resistor_SMD:R_1206_3216Metric_Pad1.42x1.75mm_HandSolder</footprint>
      <datasheet>~</datasheet>
      <fields>
        <field name="LCSC">C17900</field>
      </fields>
      <libsource lib="Device" part="R" description="Resistor"/>
      <sheetpath names="/OP-AMPS/" tstamps="/6067C8D1/"/>
      <tstamp>60789455</tstamp>
    </comp>
    <comp ref="R3">
      <value>100K</value>
      <footprint>Resistor_SMD:R_1206_3216Metric_Pad1.42x1.75mm_HandSolder</footprint>
      <datasheet>~</datasheet>
      <fields>
        <field name="LCSC">C17900</field>
      </fields>
      <libsource lib="Device" part="R" description="Resistor"/>
      <sheetpath names="/OP-AMPS/" tstamps="/6067C8D1/"/>
      <tstamp>6078945B</tstamp>
    </comp>
    <comp ref="R4">
      <value>100K</value>
      <footprint>Resistor_SMD:R_1206_3216Metric_Pad1.42x1.75mm_HandSolder</footprint>
      <datasheet>~</datasheet>
      <fields>
        <field name="LCSC">C17900</field>
      </fields>
      <libsource lib="Device" part="R" description="Resistor"/>
      <sheetpath names="/OP-AMPS/" tstamps="/6067C8D1/"/>
      <tstamp>60789461</tstamp>
    </comp>
    <comp ref="R5">
      <value>100K</value>
      <footprint>Resistor_SMD:R_1206_3216Metric_Pad1.42x1.75mm_HandSolder</footprint>
      <datasheet>~</datasheet>
      <fields>
        <field name="LCSC">C17900</field>
      </fields>
      <libsource lib="Device" part="R" description="Resistor"/>
      <sheetpath names="/OP-AMPS/" tstamps="/6067C8D1/"/>
      <tstamp>60789467</tstamp>
    </comp>
    <comp ref="R6">
      <value>100K</value>
      <footprint>Resistor_SMD:R_1206_3216Metric_Pad1.42x1.75mm_HandSolder</footprint>
      <datasheet>~</datasheet>
      <fields>
        <field name="LCSC">C17900</field>
      </fields>
      <libsource lib="Device" part="R" description="Resistor"/>
      <sheetpath names="/OP-AMPS/" tstamps="/6067C8D1/"/>
      <tstamp>6078946D</tstamp>
    </comp>
    <comp ref="R7">
      <value>100K</value>
      <footprint>Resistor_SMD:R_1206_3216Metric_Pad1.42x1.75mm_HandSolder</footprint>
      <datasheet>~</datasheet>
      <fields>
        <field name="LCSC">C17900</field>
      </fields>
      <libsource lib="Device" part="R" description="Resistor"/>
      <sheetpath names="/OP-AMPS/" tstamps="/6067C8D1/"/>
      <tstamp>60789473</tstamp>
    </comp>
    <comp ref="R8">
      <value>100K</value>
      <footprint>Resistor_SMD:R_1206_3216Metric_Pad1.42x1.75mm_HandSolder</footprint>
      <datasheet>~</datasheet>
      <fields>
        <field name="LCSC">C17900</field>
      </fields>
      <libsource lib="Device" part="R" description="Resistor"/>
      <sheetpath names="/OP-AMPS/" tstamps="/6067C8D1/"/>
      <tstamp>60789479</tstamp>
    </comp>
    <comp ref="U3">
      <value>LM324A</value>
      <footprint>Package_DIP:DIP-14_W7.62mm_LongPads</footprint>
      <datasheet>http://www.ti.com/lit/ds/symlink/lm2902-n.pdf</datasheet>
      <libsource lib="Amplifier_Operational" part="LM324A" description="Low-Power, Quad-Operational Amplifiers, DIP-14/SOIC-14/SSOP-14"/>
      <sheetpath names="/OP-AMPS/" tstamps="/6067C8D1/"/>
      <tstamp>6078947F</tstamp>
    </comp>
    <comp ref="R17">
      <value>100K</value>
      <footprint>Resistor_SMD:R_1206_3216Metric_Pad1.42x1.75mm_HandSolder</footprint>
      <datasheet>~</datasheet>
      <fields>
        <field name="LCSC">C17900</field>
      </fields>
      <libsource lib="Device" part="R" description="Resistor"/>
      <sheetpath names="/OP-AMPS/" tstamps="/6067C8D1/"/>
      <tstamp>6078948B</tstamp>
    </comp>
    <comp ref="R18">
      <value>100K</value>
      <footprint>Resistor_SMD:R_1206_3216Metric_Pad1.42x1.75mm_HandSolder</footprint>
      <datasheet>~</datasheet>
      <fields>
        <field name="LCSC">C17900</field>
      </fields>
      <libsource lib="Device" part="R" description="Resistor"/>
      <sheetpath names="/OP-AMPS/" tstamps="/6067C8D1/"/>
      <tstamp>60789491</tstamp>
    </comp>
    <comp ref="R19">
      <value>100K</value>
      <footprint>Resistor_SMD:R_1206_3216Metric_Pad1.42x1.75mm_HandSolder</footprint>
      <datasheet>~</datasheet>
      <fields>
        <field name="LCSC">C17900</field>
      </fields>
      <libsource lib="Device" part="R" description="Resistor"/>
      <sheetpath names="/OP-AMPS/" tstamps="/6067C8D1/"/>
      <tstamp>60789497</tstamp>
    </comp>
    <comp ref="R1">
      <value>100K</value>
      <footprint>Resistor_SMD:R_1206_3216Metric_Pad1.42x1.75mm_HandSolder</footprint>
      <datasheet>https://www.digikey.ca/en/products/detail/te-connectivity-passive-product/CRG1206F100K/3477717</datasheet>
      <fields>
        <field name="LCSC">C17900</field>
        <field name="P/N">CRG1206F100K</field>
      </fields>
      <libsource lib="Device" part="R" description="Resistor"/>
      <sheetpath names="/OP-AMPS/" tstamps="/6067C8D1/"/>
      <tstamp>6078949E</tstamp>
    </comp>
    <comp ref="R23">
      <value>100K</value>
      <footprint>Resistor_SMD:R_1206_3216Metric_Pad1.42x1.75mm_HandSolder</footprint>
      <datasheet>~</datasheet>
      <fields>
        <field name="LCSC">C17900</field>
      </fields>
      <libsource lib="Device" part="R" description="Resistor"/>
      <sheetpath names="/OP-AMPS/" tstamps="/6067C8D1/"/>
      <tstamp>607894A4</tstamp>
    </comp>
    <comp ref="R22">
      <value>100K</value>
      <footprint>Resistor_SMD:R_1206_3216Metric_Pad1.42x1.75mm_HandSolder</footprint>
      <datasheet>~</datasheet>
      <fields>
        <field name="LCSC">C17900</field>
      </fields>
      <libsource lib="Device" part="R" description="Resistor"/>
      <sheetpath names="/OP-AMPS/" tstamps="/6067C8D1/"/>
      <tstamp>607894AA</tstamp>
    </comp>
    <comp ref="R21">
      <value>100K</value>
      <footprint>Resistor_SMD:R_1206_3216Metric_Pad1.42x1.75mm_HandSolder</footprint>
      <datasheet>~</datasheet>
      <fields>
        <field name="LCSC">C17900</field>
      </fields>
      <libsource lib="Device" part="R" description="Resistor"/>
      <sheetpath names="/OP-AMPS/" tstamps="/6067C8D1/"/>
      <tstamp>607894B0</tstamp>
    </comp>
    <comp ref="R25">
      <value>100K</value>
      <footprint>Resistor_SMD:R_1206_3216Metric_Pad1.42x1.75mm_HandSolder</footprint>
      <datasheet>~</datasheet>
      <fields>
        <field name="LCSC">C17900</field>
      </fields>
      <libsource lib="Device" part="R" description="Resistor"/>
      <sheetpath names="/OP-AMPS/" tstamps="/6067C8D1/"/>
      <tstamp>607894B6</tstamp>
    </comp>
    <comp ref="R24">
      <value>100K</value>
      <footprint>Resistor_SMD:R_1206_3216Metric_Pad1.42x1.75mm_HandSolder</footprint>
      <datasheet>~</datasheet>
      <fields>
        <field name="LCSC">C17900</field>
      </fields>
      <libsource lib="Device" part="R" description="Resistor"/>
      <sheetpath names="/OP-AMPS/" tstamps="/6067C8D1/"/>
      <tstamp>607894BC</tstamp>
    </comp>
    <comp ref="R27">
      <value>100K</value>
      <footprint>Resistor_SMD:R_1206_3216Metric_Pad1.42x1.75mm_HandSolder</footprint>
      <datasheet>~</datasheet>
      <fields>
        <field name="LCSC">C17900</field>
      </fields>
      <libsource lib="Device" part="R" description="Resistor"/>
      <sheetpath names="/OP-AMPS/" tstamps="/6067C8D1/"/>
      <tstamp>607894C2</tstamp>
    </comp>
    <comp ref="R26">
      <value>100K</value>
      <footprint>Resistor_SMD:R_1206_3216Metric_Pad1.42x1.75mm_HandSolder</footprint>
      <datasheet>~</datasheet>
      <fields>
        <field name="LCSC">C17900</field>
      </fields>
      <libsource lib="Device" part="R" description="Resistor"/>
      <sheetpath names="/OP-AMPS/" tstamps="/6067C8D1/"/>
      <tstamp>607894C8</tstamp>
    </comp>
    <comp ref="R29">
      <value>100K</value>
      <footprint>Resistor_SMD:R_1206_3216Metric_Pad1.42x1.75mm_HandSolder</footprint>
      <datasheet>~</datasheet>
      <fields>
        <field name="LCSC">C17900</field>
      </fields>
      <libsource lib="Device" part="R" description="Resistor"/>
      <sheetpath names="/OP-AMPS/" tstamps="/6067C8D1/"/>
      <tstamp>607894CE</tstamp>
    </comp>
    <comp ref="R28">
      <value>100K</value>
      <footprint>Resistor_SMD:R_1206_3216Metric_Pad1.42x1.75mm_HandSolder</footprint>
      <datasheet>~</datasheet>
      <fields>
        <field name="LCSC">C17900</field>
      </fields>
      <libsource lib="Device" part="R" description="Resistor"/>
      <sheetpath names="/OP-AMPS/" tstamps="/6067C8D1/"/>
      <tstamp>607894D4</tstamp>
    </comp>
    <comp ref="U2">
      <value>LM324A</value>
      <footprint>Package_DIP:DIP-14_W7.62mm_LongPads</footprint>
      <datasheet>http://www.ti.com/lit/ds/symlink/lm2902-n.pdf</datasheet>
      <libsource lib="Amplifier_Operational" part="LM324A" description="Low-Power, Quad-Operational Amplifiers, DIP-14/SOIC-14/SSOP-14"/>
      <sheetpath names="/OP-AMPS/" tstamps="/6067C8D1/"/>
      <tstamp>607894DA</tstamp>
    </comp>
    <comp ref="R10">
      <value>100K</value>
      <footprint>Resistor_SMD:R_1206_3216Metric_Pad1.42x1.75mm_HandSolder</footprint>
      <datasheet>~</datasheet>
      <fields>
        <field name="LCSC">C17900</field>
      </fields>
      <libsource lib="Device" part="R" description="Resistor"/>
      <sheetpath names="/OP-AMPS/" tstamps="/6067C8D1/"/>
      <tstamp>607894F2</tstamp>
    </comp>
    <comp ref="R11">
      <value>100K</value>
      <footprint>Resistor_SMD:R_1206_3216Metric_Pad1.42x1.75mm_HandSolder</footprint>
      <datasheet>~</datasheet>
      <fields>
        <field name="LCSC">C17900</field>
      </fields>
      <libsource lib="Device" part="R" description="Resistor"/>
      <sheetpath names="/OP-AMPS/" tstamps="/6067C8D1/"/>
      <tstamp>607894F8</tstamp>
    </comp>
    <comp ref="R12">
      <value>100K</value>
      <footprint>Resistor_SMD:R_1206_3216Metric_Pad1.42x1.75mm_HandSolder</footprint>
      <datasheet>~</datasheet>
      <fields>
        <field name="LCSC">C17900</field>
      </fields>
      <libsource lib="Device" part="R" description="Resistor"/>
      <sheetpath names="/OP-AMPS/" tstamps="/6067C8D1/"/>
      <tstamp>607894FE</tstamp>
    </comp>
    <comp ref="R13">
      <value>100K</value>
      <footprint>Resistor_SMD:R_1206_3216Metric_Pad1.42x1.75mm_HandSolder</footprint>
      <datasheet>~</datasheet>
      <fields>
        <field name="LCSC">C17900</field>
      </fields>
      <libsource lib="Device" part="R" description="Resistor"/>
      <sheetpath names="/OP-AMPS/" tstamps="/6067C8D1/"/>
      <tstamp>60789504</tstamp>
    </comp>
    <comp ref="R14">
      <value>100K</value>
      <footprint>Resistor_SMD:R_1206_3216Metric_Pad1.42x1.75mm_HandSolder</footprint>
      <datasheet>~</datasheet>
      <fields>
        <field name="LCSC">C17900</field>
      </fields>
      <libsource lib="Device" part="R" description="Resistor"/>
      <sheetpath names="/OP-AMPS/" tstamps="/6067C8D1/"/>
      <tstamp>6078950A</tstamp>
    </comp>
    <comp ref="R15">
      <value>100K</value>
      <footprint>Resistor_SMD:R_1206_3216Metric_Pad1.42x1.75mm_HandSolder</footprint>
      <datasheet>~</datasheet>
      <fields>
        <field name="LCSC">C17900</field>
      </fields>
      <libsource lib="Device" part="R" description="Resistor"/>
      <sheetpath names="/OP-AMPS/" tstamps="/6067C8D1/"/>
      <tstamp>60789510</tstamp>
    </comp>
    <comp ref="R16">
      <value>100K</value>
      <footprint>Resistor_SMD:R_1206_3216Metric_Pad1.42x1.75mm_HandSolder</footprint>
      <datasheet>~</datasheet>
      <fields>
        <field name="LCSC">C17900</field>
      </fields>
      <libsource lib="Device" part="R" description="Resistor"/>
      <sheetpath names="/OP-AMPS/" tstamps="/6067C8D1/"/>
      <tstamp>60789516</tstamp>
    </comp>
    <comp ref="R9">
      <value>100K</value>
      <footprint>Resistor_SMD:R_1206_3216Metric_Pad1.42x1.75mm_HandSolder</footprint>
      <datasheet>~</datasheet>
      <fields>
        <field name="LCSC">C17900</field>
      </fields>
      <libsource lib="Device" part="R" description="Resistor"/>
      <sheetpath names="/OP-AMPS/" tstamps="/6067C8D1/"/>
      <tstamp>6078951C</tstamp>
    </comp>
    <comp ref="R31">
      <value>100K</value>
      <footprint>Resistor_SMD:R_1206_3216Metric_Pad1.42x1.75mm_HandSolder</footprint>
      <datasheet>~</datasheet>
      <fields>
        <field name="LCSC">C17900</field>
      </fields>
      <libsource lib="Device" part="R" description="Resistor"/>
      <sheetpath names="/OP-AMPS/" tstamps="/6067C8D1/"/>
      <tstamp>60789522</tstamp>
    </comp>
    <comp ref="R30">
      <value>100K</value>
      <footprint>Resistor_SMD:R_1206_3216Metric_Pad1.42x1.75mm_HandSolder</footprint>
      <datasheet>~</datasheet>
      <fields>
        <field name="LCSC">C17900</field>
      </fields>
      <libsource lib="Device" part="R" description="Resistor"/>
      <sheetpath names="/OP-AMPS/" tstamps="/6067C8D1/"/>
      <tstamp>60789528</tstamp>
    </comp>
    <comp ref="R33">
      <value>100K</value>
      <footprint>Resistor_SMD:R_1206_3216Metric_Pad1.42x1.75mm_HandSolder</footprint>
      <datasheet>~</datasheet>
      <fields>
        <field name="LCSC">C17900</field>
      </fields>
      <libsource lib="Device" part="R" description="Resistor"/>
      <sheetpath names="/OP-AMPS/" tstamps="/6067C8D1/"/>
      <tstamp>6078952E</tstamp>
    </comp>
    <comp ref="R32">
      <value>100K</value>
      <footprint>Resistor_SMD:R_1206_3216Metric_Pad1.42x1.75mm_HandSolder</footprint>
      <datasheet>~</datasheet>
      <fields>
        <field name="LCSC">C17900</field>
      </fields>
      <libsource lib="Device" part="R" description="Resistor"/>
      <sheetpath names="/OP-AMPS/" tstamps="/6067C8D1/"/>
      <tstamp>60789534</tstamp>
    </comp>
    <comp ref="R35">
      <value>100K</value>
      <footprint>Resistor_SMD:R_1206_3216Metric_Pad1.42x1.75mm_HandSolder</footprint>
      <datasheet>~</datasheet>
      <fields>
        <field name="LCSC">C17900</field>
      </fields>
      <libsource lib="Device" part="R" description="Resistor"/>
      <sheetpath names="/OP-AMPS/" tstamps="/6067C8D1/"/>
      <tstamp>6078953A</tstamp>
    </comp>
    <comp ref="R34">
      <value>100K</value>
      <footprint>Resistor_SMD:R_1206_3216Metric_Pad1.42x1.75mm_HandSolder</footprint>
      <datasheet>~</datasheet>
      <fields>
        <field name="LCSC">C17900</field>
      </fields>
      <libsource lib="Device" part="R" description="Resistor"/>
      <sheetpath names="/OP-AMPS/" tstamps="/6067C8D1/"/>
      <tstamp>60789540</tstamp>
    </comp>
    <comp ref="R37">
      <value>100K</value>
      <footprint>Resistor_SMD:R_1206_3216Metric_Pad1.42x1.75mm_HandSolder</footprint>
      <datasheet>~</datasheet>
      <fields>
        <field name="LCSC">C17900</field>
      </fields>
      <libsource lib="Device" part="R" description="Resistor"/>
      <sheetpath names="/OP-AMPS/" tstamps="/6067C8D1/"/>
      <tstamp>60789546</tstamp>
    </comp>
    <comp ref="R36">
      <value>100K</value>
      <footprint>Resistor_SMD:R_1206_3216Metric_Pad1.42x1.75mm_HandSolder</footprint>
      <datasheet>~</datasheet>
      <fields>
        <field name="LCSC">C17900</field>
      </fields>
      <libsource lib="Device" part="R" description="Resistor"/>
      <sheetpath names="/OP-AMPS/" tstamps="/6067C8D1/"/>
      <tstamp>6078954C</tstamp>
    </comp>
    <comp ref="R39">
      <value>100K</value>
      <footprint>Resistor_SMD:R_1206_3216Metric_Pad1.42x1.75mm_HandSolder</footprint>
      <datasheet>~</datasheet>
      <fields>
        <field name="LCSC">C17900</field>
      </fields>
      <libsource lib="Device" part="R" description="Resistor"/>
      <sheetpath names="/OP-AMPS/" tstamps="/6067C8D1/"/>
      <tstamp>60789552</tstamp>
    </comp>
    <comp ref="R38">
      <value>100K</value>
      <footprint>Resistor_SMD:R_1206_3216Metric_Pad1.42x1.75mm_HandSolder</footprint>
      <datasheet>~</datasheet>
      <fields>
        <field name="LCSC">C17900</field>
      </fields>
      <libsource lib="Device" part="R" description="Resistor"/>
      <sheetpath names="/OP-AMPS/" tstamps="/6067C8D1/"/>
      <tstamp>60789558</tstamp>
    </comp>
    <comp ref="R40">
      <value>100K</value>
      <footprint>Resistor_SMD:R_1206_3216Metric_Pad1.42x1.75mm_HandSolder</footprint>
      <datasheet>~</datasheet>
      <fields>
        <field name="LCSC">C17900</field>
      </fields>
      <libsource lib="Device" part="R" description="Resistor"/>
      <sheetpath names="/OP-AMPS/" tstamps="/6067C8D1/"/>
      <tstamp>607895CD</tstamp>
    </comp>
    <comp ref="F1">
      <value>1A</value>
      <footprint>NiCd Battery Tester:1206_FUSE</footprint>
      <datasheet>~</datasheet>
      <libsource lib="Device" part="Fuse_Small" description="Fuse, small symbol"/>
      <sheetpath names="/OP-AMPS/" tstamps="/6067C8D1/"/>
      <tstamp>60789626</tstamp>
    </comp>
    <comp ref="F3">
      <value>1A</value>
      <footprint>NiCd Battery Tester:1206_FUSE</footprint>
      <datasheet>~</datasheet>
      <libsource lib="Device" part="Fuse_Small" description="Fuse, small symbol"/>
      <sheetpath names="/OP-AMPS/" tstamps="/6067C8D1/"/>
      <tstamp>6078962C</tstamp>
    </comp>
    <comp ref="F5">
      <value>1A</value>
      <footprint>NiCd Battery Tester:1206_FUSE</footprint>
      <datasheet>~</datasheet>
      <libsource lib="Device" part="Fuse_Small" description="Fuse, small symbol"/>
      <sheetpath names="/OP-AMPS/" tstamps="/6067C8D1/"/>
      <tstamp>60789632</tstamp>
    </comp>
    <comp ref="F7">
      <value>1A</value>
      <footprint>NiCd Battery Tester:1206_FUSE</footprint>
      <datasheet>~</datasheet>
      <libsource lib="Device" part="Fuse_Small" description="Fuse, small symbol"/>
      <sheetpath names="/OP-AMPS/" tstamps="/6067C8D1/"/>
      <tstamp>60789638</tstamp>
    </comp>
    <comp ref="F9">
      <value>1A</value>
      <footprint>NiCd Battery Tester:1206_FUSE</footprint>
      <datasheet>~</datasheet>
      <libsource lib="Device" part="Fuse_Small" description="Fuse, small symbol"/>
      <sheetpath names="/OP-AMPS/" tstamps="/6067C8D1/"/>
      <tstamp>6078963E</tstamp>
    </comp>
    <comp ref="F11">
      <value>1A</value>
      <footprint>NiCd Battery Tester:1206_FUSE</footprint>
      <datasheet>~</datasheet>
      <libsource lib="Device" part="Fuse_Small" description="Fuse, small symbol"/>
      <sheetpath names="/OP-AMPS/" tstamps="/6067C8D1/"/>
      <tstamp>60789644</tstamp>
    </comp>
    <comp ref="F10">
      <value>1A</value>
      <footprint>NiCd Battery Tester:1206_FUSE</footprint>
      <datasheet>~</datasheet>
      <libsource lib="Device" part="Fuse_Small" description="Fuse, small symbol"/>
      <sheetpath names="/OP-AMPS/" tstamps="/6067C8D1/"/>
      <tstamp>6078964A</tstamp>
    </comp>
    <comp ref="F8">
      <value>1A</value>
      <footprint>NiCd Battery Tester:1206_FUSE</footprint>
      <datasheet>~</datasheet>
      <libsource lib="Device" part="Fuse_Small" description="Fuse, small symbol"/>
      <sheetpath names="/OP-AMPS/" tstamps="/6067C8D1/"/>
      <tstamp>60789650</tstamp>
    </comp>
    <comp ref="F6">
      <value>1A</value>
      <footprint>NiCd Battery Tester:1206_FUSE</footprint>
      <datasheet>~</datasheet>
      <libsource lib="Device" part="Fuse_Small" description="Fuse, small symbol"/>
      <sheetpath names="/OP-AMPS/" tstamps="/6067C8D1/"/>
      <tstamp>60789656</tstamp>
    </comp>
    <comp ref="F4">
      <value>1A</value>
      <footprint>NiCd Battery Tester:1206_FUSE</footprint>
      <datasheet>~</datasheet>
      <libsource lib="Device" part="Fuse_Small" description="Fuse, small symbol"/>
      <sheetpath names="/OP-AMPS/" tstamps="/6067C8D1/"/>
      <tstamp>6078965C</tstamp>
    </comp>
    <comp ref="F2">
      <value>3A</value>
      <footprint>NiCd Battery Tester:1206_FUSE</footprint>
      <datasheet>~</datasheet>
      <libsource lib="Device" part="Fuse_Small" description="Fuse, small symbol"/>
      <sheetpath names="/OP-AMPS/" tstamps="/6067C8D1/"/>
      <tstamp>60789662</tstamp>
    </comp>
    <comp ref="TP1">
      <value>1</value>
      <footprint>TestPoint:TestPoint_THTPad_D1.5mm_Drill0.7mm</footprint>
      <datasheet>~</datasheet>
      <libsource lib="Connector" part="TestPoint" description="test point"/>
      <sheetpath names="/OP-AMPS/" tstamps="/6067C8D1/"/>
      <tstamp>6078967E</tstamp>
    </comp>
    <comp ref="TP2">
      <value>2</value>
      <footprint>TestPoint:TestPoint_THTPad_D1.5mm_Drill0.7mm</footprint>
      <datasheet>~</datasheet>
      <libsource lib="Connector" part="TestPoint" description="test point"/>
      <sheetpath names="/OP-AMPS/" tstamps="/6067C8D1/"/>
      <tstamp>60789684</tstamp>
    </comp>
    <comp ref="TP3">
      <value>3</value>
      <footprint>TestPoint:TestPoint_THTPad_D1.5mm_Drill0.7mm</footprint>
      <datasheet>~</datasheet>
      <libsource lib="Connector" part="TestPoint" description="test point"/>
      <sheetpath names="/OP-AMPS/" tstamps="/6067C8D1/"/>
      <tstamp>6078968A</tstamp>
    </comp>
    <comp ref="TP4">
      <value>4</value>
      <footprint>TestPoint:TestPoint_THTPad_D1.5mm_Drill0.7mm</footprint>
      <datasheet>~</datasheet>
      <libsource lib="Connector" part="TestPoint" description="test point"/>
      <sheetpath names="/OP-AMPS/" tstamps="/6067C8D1/"/>
      <tstamp>60789690</tstamp>
    </comp>
    <comp ref="TP5">
      <value>5</value>
      <footprint>TestPoint:TestPoint_THTPad_D1.5mm_Drill0.7mm</footprint>
      <datasheet>~</datasheet>
      <libsource lib="Connector" part="TestPoint" description="test point"/>
      <sheetpath names="/OP-AMPS/" tstamps="/6067C8D1/"/>
      <tstamp>60789696</tstamp>
    </comp>
    <comp ref="TP6">
      <value>6</value>
      <footprint>TestPoint:TestPoint_THTPad_D1.5mm_Drill0.7mm</footprint>
      <datasheet>~</datasheet>
      <libsource lib="Connector" part="TestPoint" description="test point"/>
      <sheetpath names="/OP-AMPS/" tstamps="/6067C8D1/"/>
      <tstamp>6078969C</tstamp>
    </comp>
    <comp ref="TP7">
      <value>7</value>
      <footprint>TestPoint:TestPoint_THTPad_D1.5mm_Drill0.7mm</footprint>
      <datasheet>~</datasheet>
      <libsource lib="Connector" part="TestPoint" description="test point"/>
      <sheetpath names="/OP-AMPS/" tstamps="/6067C8D1/"/>
      <tstamp>607896A2</tstamp>
    </comp>
    <comp ref="TP8">
      <value>8</value>
      <footprint>TestPoint:TestPoint_THTPad_D1.5mm_Drill0.7mm</footprint>
      <datasheet>~</datasheet>
      <libsource lib="Connector" part="TestPoint" description="test point"/>
      <sheetpath names="/OP-AMPS/" tstamps="/6067C8D1/"/>
      <tstamp>607896A8</tstamp>
    </comp>
    <comp ref="TP9">
      <value>9</value>
      <footprint>TestPoint:TestPoint_THTPad_D1.5mm_Drill0.7mm</footprint>
      <datasheet>~</datasheet>
      <libsource lib="Connector" part="TestPoint" description="test point"/>
      <sheetpath names="/OP-AMPS/" tstamps="/6067C8D1/"/>
      <tstamp>607896AE</tstamp>
    </comp>
    <comp ref="TP10">
      <value>10</value>
      <footprint>TestPoint:TestPoint_THTPad_D1.5mm_Drill0.7mm</footprint>
      <datasheet>~</datasheet>
      <libsource lib="Connector" part="TestPoint" description="test point"/>
      <sheetpath names="/OP-AMPS/" tstamps="/6067C8D1/"/>
      <tstamp>607896B4</tstamp>
    </comp>
    <comp ref="R20">
      <value>100K</value>
      <footprint>Resistor_SMD:R_1206_3216Metric_Pad1.42x1.75mm_HandSolder</footprint>
      <datasheet>~</datasheet>
      <fields>
        <field name="LCSC">C17900</field>
      </fields>
      <libsource lib="Device" part="R" description="Resistor"/>
      <sheetpath names="/OP-AMPS/" tstamps="/6067C8D1/"/>
      <tstamp>607896BA</tstamp>
    </comp>
    <comp ref="J1">
      <value>15 POS D-SUB</value>
      <footprint>NiCd Battery Tester:ADAM_TECH_DA15-SL-25</footprint>
      <datasheet>https://www.digikey.ca/en/products/detail/adam-tech/DA15-SL-25/9832575</datasheet>
      <fields>
        <field name="P/N">DA15-SL-25</field>
      </fields>
      <libsource lib="Connector_Generic" part="Conn_01x15" description="Generic connector, single row, 01x15, script generated (kicad-library-utils/schlib/autogen/connector/)"/>
      <sheetpath names="/OP-AMPS/" tstamps="/6067C8D1/"/>
      <tstamp>607896E0</tstamp>
    </comp>
    <comp ref="C1">
      <value>0.1uF</value>
      <footprint>Capacitor_SMD:C_1206_3216Metric_Pad1.42x1.75mm_HandSolder</footprint>
      <datasheet>~</datasheet>
      <fields>
        <field name="LCSC">C24497</field>
      </fields>
      <libsource lib="Device" part="C" description="Unpolarized capacitor"/>
      <sheetpath names="/OP-AMPS/" tstamps="/6067C8D1/"/>
      <tstamp>607A140B</tstamp>
    </comp>
    <comp ref="TP11">
      <value>GND</value>
      <footprint>TestPoint:TestPoint_THTPad_D1.5mm_Drill0.7mm</footprint>
      <datasheet>~</datasheet>
      <libsource lib="Connector" part="TestPoint" description="test point"/>
      <sheetpath names="/OP-AMPS/" tstamps="/6067C8D1/"/>
      <tstamp>607A1411</tstamp>
    </comp>
    <comp ref="C2">
      <value>0.1uF</value>
      <footprint>Capacitor_SMD:C_1206_3216Metric_Pad1.42x1.75mm_HandSolder</footprint>
      <datasheet>~</datasheet>
      <fields>
        <field name="LCSC">C24497</field>
      </fields>
      <libsource lib="Device" part="C" description="Unpolarized capacitor"/>
      <sheetpath names="/OP-AMPS/" tstamps="/6067C8D1/"/>
      <tstamp>607A1417</tstamp>
    </comp>
    <comp ref="C3">
      <value>0.1uF</value>
      <footprint>Capacitor_SMD:C_1206_3216Metric_Pad1.42x1.75mm_HandSolder</footprint>
      <datasheet>~</datasheet>
      <fields>
        <field name="LCSC">C24497</field>
      </fields>
      <libsource lib="Device" part="C" description="Unpolarized capacitor"/>
      <sheetpath names="/OP-AMPS/" tstamps="/6067C8D1/"/>
      <tstamp>607A141D</tstamp>
    </comp>
    <comp ref="SW1">
      <value>RESET</value>
      <footprint>Button_Switch_THT:SW_PUSH_6mm_H5mm</footprint>
      <datasheet>~</datasheet>
      <libsource lib="Switch" part="SW_Push" description="Push button switch, generic, two pins"/>
      <sheetpath names="/Microcontroller/" tstamps="/607B886A/"/>
      <tstamp>607C35A1</tstamp>
    </comp>
    <comp ref="R44">
      <value>100K</value>
      <footprint>Resistor_SMD:R_1206_3216Metric_Pad1.42x1.75mm_HandSolder</footprint>
      <datasheet>~</datasheet>
      <fields>
        <field name="LCSC">C17900</field>
      </fields>
      <libsource lib="Device" part="R" description="Resistor"/>
      <sheetpath names="/Microcontroller/" tstamps="/607B886A/"/>
      <tstamp>607E607F</tstamp>
    </comp>
    <comp ref="R41">
      <value>150K</value>
      <footprint>Resistor_SMD:R_1206_3216Metric_Pad1.42x1.75mm_HandSolder</footprint>
      <datasheet>~</datasheet>
      <fields>
        <field name="LCSC">C17916</field>
      </fields>
      <libsource lib="Device" part="R" description="Resistor"/>
      <sheetpath names="/Microcontroller/" tstamps="/607B886A/"/>
      <tstamp>607E6085</tstamp>
    </comp>
    <comp ref="BZ1">
      <value>Buzzer</value>
      <footprint>NiCd Battery Tester:BUZZER_12mm</footprint>
      <datasheet>~</datasheet>
      <libsource lib="Device" part="Buzzer" description="Buzzer, polarized"/>
      <sheetpath names="/Microcontroller/" tstamps="/607B886A/"/>
      <tstamp>607E608C</tstamp>
    </comp>
    <comp ref="R43">
      <value>100R</value>
      <footprint>Resistor_SMD:R_1206_3216Metric_Pad1.42x1.75mm_HandSolder</footprint>
      <datasheet>~</datasheet>
      <fields>
        <field name="LCSC">C17901</field>
      </fields>
      <libsource lib="Device" part="R" description="Resistor"/>
      <sheetpath names="/Microcontroller/" tstamps="/607B886A/"/>
      <tstamp>607E6092</tstamp>
    </comp>
    <comp ref="SW2">
      <value>BUZZER TOGGLE</value>
      <footprint>Button_Switch_THT:SW_PUSH_6mm_H5mm</footprint>
      <datasheet>~</datasheet>
      <libsource lib="Switch" part="SW_Push" description="Push button switch, generic, two pins"/>
      <sheetpath names="/Microcontroller/" tstamps="/607B886A/"/>
      <tstamp>607E609B</tstamp>
    </comp>
    <comp ref="R42">
      <value>620R</value>
      <footprint>Resistor_SMD:R_1206_3216Metric_Pad1.42x1.75mm_HandSolder</footprint>
      <datasheet>~</datasheet>
      <fields>
        <field name="LCSC">C17972</field>
      </fields>
      <libsource lib="Device" part="R" description="Resistor"/>
      <sheetpath names="/Microcontroller/" tstamps="/607B886A/"/>
      <tstamp>607E60A1</tstamp>
    </comp>
    <comp ref="R45">
      <value>2K</value>
      <footprint>Resistor_SMD:R_1206_3216Metric_Pad1.42x1.75mm_HandSolder</footprint>
      <datasheet>~</datasheet>
      <fields>
        <field name="LCSC">C17944</field>
      </fields>
      <libsource lib="Device" part="R" description="Resistor"/>
      <sheetpath names="/Microcontroller/" tstamps="/607B886A/"/>
      <tstamp>607E60A7</tstamp>
    </comp>
    <comp ref="C6">
      <value>0.1uF</value>
      <footprint>Capacitor_THT:CP_Radial_D5.0mm_P2.50mm</footprint>
      <datasheet>~</datasheet>
      <libsource lib="Device" part="C" description="Unpolarized capacitor"/>
      <sheetpath names="/Microcontroller/" tstamps="/607B886A/"/>
      <tstamp>607E60AD</tstamp>
    </comp>
    <comp ref="U6">
      <value>ADS1115IDGS</value>
      <footprint>Package_SO:MSOP-10_3x3mm_P0.5mm</footprint>
      <datasheet>https://datasheet.lcsc.com/szlcsc/Texas-Instruments-TI-ADS1115IDGSR_C37593.pdf</datasheet>
      <fields>
        <field name="LCSC">C37593</field>
      </fields>
      <libsource lib="Analog_ADC" part="ADS1115IDGS" description="Ultra-Small, Low-Power, I2C-Compatible, 860-SPS, 16-Bit ADCs With Internal Reference, Oscillator, and Programmable Comparator, VSSOP-10"/>
      <sheetpath names="/Microcontroller/" tstamps="/607B886A/"/>
      <tstamp>60845595</tstamp>
    </comp>
    <comp ref="R46">
      <value>10K</value>
      <footprint>Resistor_SMD:R_1206_3216Metric_Pad1.42x1.75mm_HandSolder</footprint>
      <datasheet>~</datasheet>
      <fields>
        <field name="LCSC">C17902</field>
      </fields>
      <libsource lib="Device" part="R" description="Resistor"/>
      <sheetpath names="/Microcontroller/" tstamps="/607B886A/"/>
      <tstamp>6084A9F0</tstamp>
    </comp>
    <comp ref="R48">
      <value>10K</value>
      <footprint>Resistor_SMD:R_1206_3216Metric_Pad1.42x1.75mm_HandSolder</footprint>
      <datasheet>~</datasheet>
      <fields>
        <field name="LCSC">C17902</field>
      </fields>
      <libsource lib="Device" part="R" description="Resistor"/>
      <sheetpath names="/Microcontroller/" tstamps="/607B886A/"/>
      <tstamp>6084B9C5</tstamp>
    </comp>
    <comp ref="R49">
      <value>10K</value>
      <footprint>Resistor_SMD:R_1206_3216Metric_Pad1.42x1.75mm_HandSolder</footprint>
      <datasheet>~</datasheet>
      <fields>
        <field name="LCSC">C17902</field>
      </fields>
      <libsource lib="Device" part="R" description="Resistor"/>
      <sheetpath names="/Microcontroller/" tstamps="/607B886A/"/>
      <tstamp>6084BDCD</tstamp>
    </comp>
    <comp ref="R47">
      <value>10K</value>
      <footprint>Resistor_SMD:R_1206_3216Metric_Pad1.42x1.75mm_HandSolder</footprint>
      <datasheet>~</datasheet>
      <fields>
        <field name="LCSC">C17902</field>
      </fields>
      <libsource lib="Device" part="R" description="Resistor"/>
      <sheetpath names="/Microcontroller/" tstamps="/607B886A/"/>
      <tstamp>6084C043</tstamp>
    </comp>
    <comp ref="U5">
      <value>ACS712xLCTR-30A</value>
      <footprint>Package_SO:SOIC-8_3.9x4.9mm_P1.27mm</footprint>
      <datasheet>http://www.allegromicro.com/~/media/Files/Datasheets/ACS712-Datasheet.ashx?la=en</datasheet>
      <fields>
        <field name="LCSC">C9932</field>
      </fields>
      <libsource lib="Sensor_Current" part="ACS712xLCTR-30A" description="±30A Bidirectional Hall-Effect Current Sensor, +5.0V supply, 66mV/A, SOIC-8"/>
      <sheetpath names="/Microcontroller/" tstamps="/607B886A/"/>
      <tstamp>60868920</tstamp>
    </comp>
    <comp ref="C4">
      <value>0.1uF</value>
      <footprint>Capacitor_SMD:C_1206_3216Metric_Pad1.42x1.75mm_HandSolder</footprint>
      <datasheet>~</datasheet>
      <fields>
        <field name="LCSC">C24497</field>
      </fields>
      <libsource lib="Device" part="C" description="Unpolarized capacitor"/>
      <sheetpath names="/Microcontroller/" tstamps="/607B886A/"/>
      <tstamp>60870F27</tstamp>
    </comp>
    <comp ref="C5">
      <value>1nF</value>
      <footprint>Capacitor_SMD:C_1206_3216Metric_Pad1.42x1.75mm_HandSolder</footprint>
      <datasheet>~</datasheet>
      <fields>
        <field name="LCSC">C35216</field>
      </fields>
      <libsource lib="Device" part="C" description="Unpolarized capacitor"/>
      <sheetpath names="/Microcontroller/" tstamps="/607B886A/"/>
      <tstamp>6087B4C7</tstamp>
    </comp>
    <comp ref="U4">
      <value>MEGA_2560_PRO_MINI-NiCd_Battery_Tester</value>
      <footprint>NiCd Battery Tester:MEGA 2560 PRO MINI_NO_MOUNTS</footprint>
      <libsource lib="NiCd-Battery-Tester-PCB-Rev-3-rescue" part="MEGA_2560_PRO_MINI-NiCd_Battery_Tester" description=""/>
      <sheetpath names="/Microcontroller/" tstamps="/607B886A/"/>
      <tstamp>608879FA</tstamp>
    </comp>
    <comp ref="J2">
      <value>CURRENT METER</value>
      <footprint>NiCd Battery Tester:CUI_TB005-762-02BE</footprint>
      <datasheet>https://www.cuidevices.com/product/resource/tb005-762.pdf</datasheet>
      <libsource lib="Connector_Generic" part="Conn_01x02" description="Generic connector, single row, 01x02, script generated (kicad-library-utils/schlib/autogen/connector/)"/>
      <sheetpath names="/Microcontroller/" tstamps="/607B886A/"/>
      <tstamp>6088AF76</tstamp>
    </comp>
    <comp ref="C7">
      <value>0.1uF</value>
      <footprint>Capacitor_SMD:C_1206_3216Metric_Pad1.42x1.75mm_HandSolder</footprint>
      <datasheet>~</datasheet>
      <fields>
        <field name="LCSC">C24497</field>
      </fields>
      <libsource lib="Device" part="C" description="Unpolarized capacitor"/>
      <sheetpath names="/Microcontroller/" tstamps="/607B886A/"/>
      <tstamp>608D86CE</tstamp>
    </comp>
    <comp ref="TP12">
      <value>5V</value>
      <footprint>TestPoint:TestPoint_THTPad_D1.5mm_Drill0.7mm</footprint>
      <datasheet>~</datasheet>
      <libsource lib="Connector" part="TestPoint" description="test point"/>
      <sheetpath names="/Microcontroller/" tstamps="/607B886A/"/>
      <tstamp>607AF268</tstamp>
    </comp>
    <comp ref="J3">
      <value>9V</value>
      <footprint>Connector_BarrelJack:BarrelJack_CUI_PJ-102AH_Horizontal</footprint>
      <datasheet>~</datasheet>
      <libsource lib="Connector_Generic" part="Conn_01x02" description="Generic connector, single row, 01x02, script generated (kicad-library-utils/schlib/autogen/connector/)"/>
      <sheetpath names="/Power &amp; Connections/" tstamps="/607CEECB/"/>
      <tstamp>607DB33F</tstamp>
    </comp>
    <comp ref="C8">
      <value>1uF</value>
      <footprint>Capacitor_THT:CP_Radial_D5.0mm_P2.50mm</footprint>
      <datasheet>~</datasheet>
      <libsource lib="Device" part="CP" description="Polarized capacitor"/>
      <sheetpath names="/Power &amp; Connections/" tstamps="/607CEECB/"/>
      <tstamp>607DB345</tstamp>
    </comp>
    <comp ref="F12">
      <value>3A</value>
      <footprint>NiCd Battery Tester:1206_FUSE</footprint>
      <datasheet>~</datasheet>
      <libsource lib="Device" part="Fuse_Small" description="Fuse, small symbol"/>
      <sheetpath names="/Power &amp; Connections/" tstamps="/607CEECB/"/>
      <tstamp>607DB35B</tstamp>
    </comp>
    <comp ref="D2">
      <value>9V GREEN</value>
      <footprint>LED_THT:LED_D5.0mm</footprint>
      <datasheet>~</datasheet>
      <libsource lib="Device" part="LED_Small" description="Light emitting diode, small symbol"/>
      <sheetpath names="/Power &amp; Connections/" tstamps="/607CEECB/"/>
      <tstamp>607E1CB8</tstamp>
    </comp>
    <comp ref="R50">
      <value>620R</value>
      <footprint>Resistor_SMD:R_1206_3216Metric_Pad1.42x1.75mm_HandSolder</footprint>
      <datasheet>~</datasheet>
      <fields>
        <field name="LCSC">C17972</field>
      </fields>
      <libsource lib="Device" part="R" description="Resistor"/>
      <sheetpath names="/Power &amp; Connections/" tstamps="/607CEECB/"/>
      <tstamp>607E1CBE</tstamp>
    </comp>
    <comp ref="D4">
      <value>5V GREEN</value>
      <footprint>LED_THT:LED_D5.0mm</footprint>
      <datasheet>~</datasheet>
      <libsource lib="Device" part="LED_Small" description="Light emitting diode, small symbol"/>
      <sheetpath names="/Power &amp; Connections/" tstamps="/607CEECB/"/>
      <tstamp>607E1CC4</tstamp>
    </comp>
    <comp ref="R51">
      <value>620R</value>
      <footprint>Resistor_SMD:R_1206_3216Metric_Pad1.42x1.75mm_HandSolder</footprint>
      <datasheet>~</datasheet>
      <fields>
        <field name="LCSC">C17972</field>
      </fields>
      <libsource lib="Device" part="R" description="Resistor"/>
      <sheetpath names="/Power &amp; Connections/" tstamps="/607CEECB/"/>
      <tstamp>607E1CCA</tstamp>
    </comp>
    <comp ref="R52">
      <value>470R</value>
      <footprint>Resistor_SMD:R_1206_3216Metric_Pad1.42x1.75mm_HandSolder</footprint>
      <datasheet>~</datasheet>
      <fields>
        <field name="LCSC">C17936</field>
      </fields>
      <libsource lib="Device" part="R" description="Resistor"/>
      <sheetpath names="/Power &amp; Connections/" tstamps="/607CEECB/"/>
      <tstamp>607EAE48</tstamp>
    </comp>
    <comp ref="J4">
      <value>NEOPIXEL</value>
      <footprint>Connector_PinHeader_2.54mm:PinHeader_1x03_P2.54mm_Vertical</footprint>
      <datasheet>~</datasheet>
      <libsource lib="Connector_Generic" part="Conn_01x03" description="Generic connector, single row, 01x03, script generated (kicad-library-utils/schlib/autogen/connector/)"/>
      <sheetpath names="/Power &amp; Connections/" tstamps="/607CEECB/"/>
      <tstamp>607EAE55</tstamp>
    </comp>
    <comp ref="J5">
      <value>LCD</value>
      <footprint>Connector_PinHeader_2.54mm:PinHeader_1x04_P2.54mm_Vertical</footprint>
      <datasheet>~</datasheet>
      <libsource lib="Connector_Generic" part="Conn_01x04" description="Generic connector, single row, 01x04, script generated (kicad-library-utils/schlib/autogen/connector/)"/>
      <sheetpath names="/Power &amp; Connections/" tstamps="/607CEECB/"/>
      <tstamp>607EAE7B</tstamp>
    </comp>
    <comp ref="J6">
      <value>SD CARD</value>
      <footprint>Connector_PinHeader_2.54mm:PinHeader_1x06_P2.54mm_Vertical</footprint>
      <datasheet>~</datasheet>
      <libsource lib="Connector_Generic" part="Conn_01x06" description="Generic connector, single row, 01x06, script generated (kicad-library-utils/schlib/autogen/connector/)"/>
      <sheetpath names="/Power &amp; Connections/" tstamps="/607CEECB/"/>
      <tstamp>607EAE81</tstamp>
    </comp>
    <comp ref="H1">
      <value>LCD PLACEHOLDER</value>
      <footprint>NiCd Battery Tester:20x4_LCD_BOUNDARY</footprint>
      <datasheet>~</datasheet>
      <libsource lib="Mechanical" part="MountingHole" description="Mounting Hole without connection"/>
      <sheetpath names="/Power &amp; Connections/" tstamps="/607CEECB/"/>
      <tstamp>607EB9BE</tstamp>
    </comp>
    <comp ref="H2">
      <value>MountingHole</value>
      <footprint>MountingHole:MountingHole_3.2mm_M3</footprint>
      <datasheet>~</datasheet>
      <libsource lib="Mechanical" part="MountingHole" description="Mounting Hole without connection"/>
      <sheetpath names="/Power &amp; Connections/" tstamps="/607CEECB/"/>
      <tstamp>607A7820</tstamp>
    </comp>
  </components>
  <libparts>
    <libpart lib="Amplifier_Operational" part="LM2902">
      <aliases>
        <alias>LM324</alias>
        <alias>TLC274</alias>
        <alias>TLC279</alias>
        <alias>TL074</alias>
        <alias>LM324A</alias>
        <alias>MCP6004</alias>
        <alias>TL084</alias>
        <alias>TL064</alias>
        <alias>LMV324</alias>
        <alias>LMC6484</alias>
        <alias>MCP604</alias>
        <alias>MC33079</alias>
        <alias>MC33174</alias>
        <alias>MC33179</alias>
        <alias>OPA1604</alias>
        <alias>OPA1679</alias>
        <alias>OPA4134</alias>
        <alias>OPA4340UA</alias>
        <alias>OPA4376</alias>
        <alias>MCP6L94</alias>
        <alias>TSV914</alias>
        <alias>ADA4807-4</alias>
        <alias>TSV994</alias>
      </aliases>
      <description>Low-Power, Quad-Operational Amplifiers, DIP-14/SOIC-14/SSOP-14</description>
      <docs>http://www.ti.com/lit/ds/symlink/lm2902-n.pdf</docs>
      <footprints>
        <fp>SOIC*3.9x8.7mm*P1.27mm*</fp>
        <fp>DIP*W7.62mm*</fp>
        <fp>TSSOP*4.4x5mm*P0.65mm*</fp>
        <fp>SSOP*5.3x6.2mm*P0.65mm*</fp>
        <fp>MSOP*3x3mm*P0.5mm*</fp>
      </footprints>
      <fields>
        <field name="Reference">U</field>
        <field name="Value">LM2902</field>
      </fields>
      <pins>
        <pin num="1" name="~" type="output"/>
        <pin num="2" name="-" type="input"/>
        <pin num="3" name="+" type="input"/>
        <pin num="4" name="V+" type="power_in"/>
        <pin num="5" name="+" type="input"/>
        <pin num="6" name="-" type="input"/>
        <pin num="7" name="~" type="output"/>
        <pin num="8" name="~" type="output"/>
        <pin num="9" name="-" type="input"/>
        <pin num="10" name="+" type="input"/>
        <pin num="11" name="V-" type="power_in"/>
        <pin num="12" name="+" type="input"/>
        <pin num="13" name="-" type="input"/>
        <pin num="14" name="~" type="output"/>
      </pins>
    </libpart>
    <libpart lib="Analog_ADC" part="ADS1015IDGS">
      <aliases>
        <alias>ADS1115IDGS</alias>
      </aliases>
      <description>Ultra-Small, Low-Power, I2C-Compatible, 3.3-kSPS, 12-Bit ADCs With Internal Reference, Oscillator, and Programmable Comparator, VSSOP-10</description>
      <docs>http://www.ti.com/lit/ds/symlink/ads1015.pdf</docs>
      <footprints>
        <fp>TSSOP*3x3mm*P0.5mm*</fp>
      </footprints>
      <fields>
        <field name="Reference">U</field>
        <field name="Value">ADS1015IDGS</field>
        <field name="Footprint">Package_SO:TSSOP-10_3x3mm_P0.5mm</field>
      </fields>
      <pins>
        <pin num="1" name="ADDR" type="input"/>
        <pin num="2" name="ALERT/RDY" type="output"/>
        <pin num="3" name="GND" type="power_in"/>
        <pin num="4" name="AIN0" type="input"/>
        <pin num="5" name="AIN1" type="input"/>
        <pin num="6" name="AIN2" type="input"/>
        <pin num="7" name="AIN3" type="input"/>
        <pin num="8" name="VDD" type="power_in"/>
        <pin num="9" name="SDA" type="BiDi"/>
        <pin num="10" name="SCL" type="input"/>
      </pins>
    </libpart>
    <libpart lib="Connector" part="TestPoint">
      <description>test point</description>
      <docs>~</docs>
      <footprints>
        <fp>Pin*</fp>
        <fp>Test*</fp>
      </footprints>
      <fields>
        <field name="Reference">TP</field>
        <field name="Value">TestPoint</field>
      </fields>
      <pins>
        <pin num="1" name="1" type="passive"/>
      </pins>
    </libpart>
    <libpart lib="Connector_Generic" part="Conn_01x02">
      <description>Generic connector, single row, 01x02, script generated (kicad-library-utils/schlib/autogen/connector/)</description>
      <docs>~</docs>
      <footprints>
        <fp>Connector*:*_1x??_*</fp>
      </footprints>
      <fields>
        <field name="Reference">J</field>
        <field name="Value">Conn_01x02</field>
      </fields>
      <pins>
        <pin num="1" name="Pin_1" type="passive"/>
        <pin num="2" name="Pin_2" type="passive"/>
      </pins>
    </libpart>
    <libpart lib="Connector_Generic" part="Conn_01x03">
      <description>Generic connector, single row, 01x03, script generated (kicad-library-utils/schlib/autogen/connector/)</description>
      <docs>~</docs>
      <footprints>
        <fp>Connector*:*_1x??_*</fp>
      </footprints>
      <fields>
        <field name="Reference">J</field>
        <field name="Value">Conn_01x03</field>
      </fields>
      <pins>
        <pin num="1" name="Pin_1" type="passive"/>
        <pin num="2" name="Pin_2" type="passive"/>
        <pin num="3" name="Pin_3" type="passive"/>
      </pins>
    </libpart>
    <libpart lib="Connector_Generic" part="Conn_01x04">
      <description>Generic connector, single row, 01x04, script generated (kicad-library-utils/schlib/autogen/connector/)</description>
      <docs>~</docs>
      <footprints>
        <fp>Connector*:*_1x??_*</fp>
      </footprints>
      <fields>
        <field name="Reference">J</field>
        <field name="Value">Conn_01x04</field>
      </fields>
      <pins>
        <pin num="1" name="Pin_1" type="passive"/>
        <pin num="2" name="Pin_2" type="passive"/>
        <pin num="3" name="Pin_3" type="passive"/>
        <pin num="4" name="Pin_4" type="passive"/>
      </pins>
    </libpart>
    <libpart lib="Connector_Generic" part="Conn_01x06">
      <description>Generic connector, single row, 01x06, script generated (kicad-library-utils/schlib/autogen/connector/)</description>
      <docs>~</docs>
      <footprints>
        <fp>Connector*:*_1x??_*</fp>
      </footprints>
      <fields>
        <field name="Reference">J</field>
        <field name="Value">Conn_01x06</field>
      </fields>
      <pins>
        <pin num="1" name="Pin_1" type="passive"/>
        <pin num="2" name="Pin_2" type="passive"/>
        <pin num="3" name="Pin_3" type="passive"/>
        <pin num="4" name="Pin_4" type="passive"/>
        <pin num="5" name="Pin_5" type="passive"/>
        <pin num="6" name="Pin_6" type="passive"/>
      </pins>
    </libpart>
    <libpart lib="Connector_Generic" part="Conn_01x15">
      <description>Generic connector, single row, 01x15, script generated (kicad-library-utils/schlib/autogen/connector/)</description>
      <docs>~</docs>
      <footprints>
        <fp>Connector*:*_1x??_*</fp>
      </footprints>
      <fields>
        <field name="Reference">J</field>
        <field name="Value">Conn_01x15</field>
      </fields>
      <pins>
        <pin num="1" name="Pin_1" type="passive"/>
        <pin num="2" name="Pin_2" type="passive"/>
        <pin num="3" name="Pin_3" type="passive"/>
        <pin num="4" name="Pin_4" type="passive"/>
        <pin num="5" name="Pin_5" type="passive"/>
        <pin num="6" name="Pin_6" type="passive"/>
        <pin num="7" name="Pin_7" type="passive"/>
        <pin num="8" name="Pin_8" type="passive"/>
        <pin num="9" name="Pin_9" type="passive"/>
        <pin num="10" name="Pin_10" type="passive"/>
        <pin num="11" name="Pin_11" type="passive"/>
        <pin num="12" name="Pin_12" type="passive"/>
        <pin num="13" name="Pin_13" type="passive"/>
        <pin num="14" name="Pin_14" type="passive"/>
        <pin num="15" name="Pin_15" type="passive"/>
      </pins>
    </libpart>
    <libpart lib="Device" part="Buzzer">
      <description>Buzzer, polarized</description>
      <docs>~</docs>
      <footprints>
        <fp>*Buzzer*</fp>
      </footprints>
      <fields>
        <field name="Reference">BZ</field>
        <field name="Value">Buzzer</field>
      </fields>
      <pins>
        <pin num="1" name="-" type="passive"/>
        <pin num="2" name="+" type="passive"/>
      </pins>
    </libpart>
    <libpart lib="Device" part="C">
      <description>Unpolarized capacitor</description>
      <docs>~</docs>
      <footprints>
        <fp>C_*</fp>
      </footprints>
      <fields>
        <field name="Reference">C</field>
        <field name="Value">C</field>
      </fields>
      <pins>
        <pin num="1" name="~" type="passive"/>
        <pin num="2" name="~" type="passive"/>
      </pins>
    </libpart>
    <libpart lib="Device" part="CP">
      <description>Polarized capacitor</description>
      <docs>~</docs>
      <footprints>
        <fp>CP_*</fp>
      </footprints>
      <fields>
        <field name="Reference">C</field>
        <field name="Value">CP</field>
      </fields>
      <pins>
        <pin num="1" name="~" type="passive"/>
        <pin num="2" name="~" type="passive"/>
      </pins>
    </libpart>
    <libpart lib="Device" part="Fuse_Small">
      <description>Fuse, small symbol</description>
      <docs>~</docs>
      <footprints>
        <fp>SM*</fp>
      </footprints>
      <fields>
        <field name="Reference">F</field>
        <field name="Value">Fuse_Small</field>
      </fields>
      <pins>
        <pin num="1" name="~" type="passive"/>
        <pin num="2" name="~" type="passive"/>
      </pins>
    </libpart>
    <libpart lib="Device" part="LED_Small">
      <description>Light emitting diode, small symbol</description>
      <docs>~</docs>
      <footprints>
        <fp>LED*</fp>
        <fp>LED_SMD:*</fp>
        <fp>LED_THT:*</fp>
      </footprints>
      <fields>
        <field name="Reference">D</field>
        <field name="Value">LED_Small</field>
      </fields>
      <pins>
        <pin num="1" name="K" type="passive"/>
        <pin num="2" name="A" type="passive"/>
      </pins>
    </libpart>
    <libpart lib="Device" part="R">
      <description>Resistor</description>
      <docs>~</docs>
      <footprints>
        <fp>R_*</fp>
      </footprints>
      <fields>
        <field name="Reference">R</field>
        <field name="Value">R</field>
      </fields>
      <pins>
        <pin num="1" name="~" type="passive"/>
        <pin num="2" name="~" type="passive"/>
      </pins>
    </libpart>
    <libpart lib="Mechanical" part="MountingHole">
      <description>Mounting Hole without connection</description>
      <docs>~</docs>
      <footprints>
        <fp>MountingHole*</fp>
      </footprints>
      <fields>
        <field name="Reference">H</field>
        <field name="Value">MountingHole</field>
      </fields>
    </libpart>
    <libpart lib="NiCd-Battery-Tester-PCB-Rev-3-rescue" part="MEGA_2560_PRO_MINI-NiCd_Battery_Tester">
      <fields>
        <field name="Reference">U</field>
        <field name="Value">MEGA_2560_PRO_MINI-NiCd_Battery_Tester</field>
      </fields>
      <pins>
        <pin num="1" name="VIN" type="input"/>
        <pin num="2" name="VIN" type="input"/>
        <pin num="3" name="GND" type="input"/>
        <pin num="4" name="GND" type="input"/>
        <pin num="5" name="5V" type="input"/>
        <pin num="6" name="5V" type="input"/>
        <pin num="7" name="3V3" type="input"/>
        <pin num="8" name="3V3" type="input"/>
        <pin num="9" name="AREF" type="input"/>
        <pin num="10" name="RST" type="input"/>
        <pin num="11" name="RX_(D0)" type="input"/>
        <pin num="12" name="TX_(D1)" type="input"/>
        <pin num="13" name="D2" type="input"/>
        <pin num="14" name="D3" type="input"/>
        <pin num="15" name="D4" type="input"/>
        <pin num="16" name="D5" type="input"/>
        <pin num="17" name="D6" type="input"/>
        <pin num="18" name="D7" type="input"/>
        <pin num="19" name="D8" type="input"/>
        <pin num="20" name="D9" type="input"/>
        <pin num="21" name="D10" type="input"/>
        <pin num="22" name="D11" type="input"/>
        <pin num="23" name="D12" type="input"/>
        <pin num="24" name="D13" type="input"/>
        <pin num="25" name="D14" type="input"/>
        <pin num="26" name="D15" type="input"/>
        <pin num="27" name="D16" type="input"/>
        <pin num="28" name="D17" type="input"/>
        <pin num="29" name="D18" type="input"/>
        <pin num="30" name="D19" type="input"/>
        <pin num="31" name="D20" type="input"/>
        <pin num="32" name="D21" type="input"/>
        <pin num="33" name="D22" type="input"/>
        <pin num="34" name="D23" type="input"/>
        <pin num="35" name="D24" type="input"/>
        <pin num="36" name="D25" type="input"/>
        <pin num="37" name="D26" type="input"/>
        <pin num="38" name="D27" type="input"/>
        <pin num="39" name="D28" type="input"/>
        <pin num="40" name="D29" type="input"/>
        <pin num="41" name="D30" type="input"/>
        <pin num="42" name="D31" type="input"/>
        <pin num="43" name="A0" type="input"/>
        <pin num="44" name="A1" type="input"/>
        <pin num="45" name="A2" type="input"/>
        <pin num="46" name="A3" type="input"/>
        <pin num="47" name="A4" type="input"/>
        <pin num="48" name="A5" type="input"/>
        <pin num="49" name="A6" type="input"/>
        <pin num="50" name="A7" type="input"/>
        <pin num="51" name="A8" type="input"/>
        <pin num="52" name="A9" type="input"/>
        <pin num="53" name="A10" type="input"/>
        <pin num="54" name="A11" type="input"/>
        <pin num="55" name="A12" type="input"/>
        <pin num="56" name="A13" type="input"/>
        <pin num="57" name="A14" type="input"/>
        <pin num="58" name="A15" type="input"/>
        <pin num="59" name="D32" type="input"/>
        <pin num="60" name="D33" type="input"/>
        <pin num="61" name="D34" type="input"/>
        <pin num="62" name="D35" type="input"/>
        <pin num="63" name="D36" type="input"/>
        <pin num="64" name="D37" type="input"/>
        <pin num="65" name="D38" type="input"/>
        <pin num="66" name="D39" type="input"/>
        <pin num="67" name="D40" type="input"/>
        <pin num="68" name="D41" type="input"/>
        <pin num="69" name="D42" type="input"/>
        <pin num="70" name="D43" type="input"/>
        <pin num="71" name="D44" type="input"/>
        <pin num="72" name="D45" type="input"/>
        <pin num="73" name="D46" type="input"/>
        <pin num="74" name="D47" type="input"/>
        <pin num="75" name="D48" type="input"/>
        <pin num="76" name="D49" type="input"/>
        <pin num="77" name="D50" type="input"/>
        <pin num="78" name="D51" type="input"/>
        <pin num="79" name="D52" type="input"/>
        <pin num="80" name="D53" type="input"/>
        <pin num="81" name="~" type="input"/>
        <pin num="82" name="~" type="input"/>
        <pin num="83" name="~" type="input"/>
        <pin num="84" name="~" type="input"/>
        <pin num="85" name="~" type="input"/>
        <pin num="86" name="~" type="input"/>
      </pins>
    </libpart>
    <libpart lib="Sensor_Current" part="ACS712xLCTR-05B">
      <aliases>
        <alias>ACS712xLCTR-20A</alias>
        <alias>ACS712xLCTR-30A</alias>
        <alias>ACS713xLCTR-20A</alias>
        <alias>ACS713xLCTR-30A</alias>
        <alias>ACS714xLCTR-05B</alias>
        <alias>ACS714xLCTR-20A</alias>
        <alias>ACS714xLCTR-30A</alias>
        <alias>ACS714xLCTR-50A</alias>
        <alias>ACS715xLCTR-20A</alias>
        <alias>ACS715xLCTR-30A</alias>
        <alias>ACS724xLCTR-05AB</alias>
        <alias>ACS724xLCTR-10AB</alias>
        <alias>ACS724xLCTR-10AU</alias>
        <alias>ACS724xLCTR-20AB</alias>
        <alias>ACS724xLCTR-20AU</alias>
        <alias>ACS724xLCTR-30AB</alias>
        <alias>ACS724xLCTR-30AU</alias>
        <alias>ACS724xLCTR-50AB</alias>
        <alias>ACS725xLCTR-10AU</alias>
        <alias>ACS725xLCTR-20AB</alias>
        <alias>ACS725xLCTR-20AU</alias>
        <alias>ACS725xLCTR-30AB</alias>
        <alias>ACS725xLCTR-30AU</alias>
        <alias>ACS725xLCTR-40AB</alias>
        <alias>ACS725xLCTR-50AB</alias>
      </aliases>
      <description>±5A Bidirectional Hall-Effect Current Sensor, +5.0V supply, 185mV/A, SOIC-8</description>
      <docs>http://www.allegromicro.com/~/media/Files/Datasheets/ACS712-Datasheet.ashx?la=en</docs>
      <footprints>
        <fp>SOIC*3.9x4.9m*P1.27mm*</fp>
      </footprints>
      <fields>
        <field name="Reference">U</field>
        <field name="Value">ACS712xLCTR-05B</field>
        <field name="Footprint">Package_SO:SOIC-8_3.9x4.9mm_P1.27mm</field>
      </fields>
      <pins>
        <pin num="1" name="IP+" type="passive"/>
        <pin num="2" name="IP+" type="passive"/>
        <pin num="3" name="IP-" type="passive"/>
        <pin num="4" name="IP-" type="passive"/>
        <pin num="5" name="GND" type="power_in"/>
        <pin num="6" name="FILTER" type="passive"/>
        <pin num="7" name="VIOUT" type="output"/>
        <pin num="8" name="VCC" type="power_in"/>
      </pins>
    </libpart>
    <libpart lib="Switch" part="SW_Push">
      <description>Push button switch, generic, two pins</description>
      <docs>~</docs>
      <fields>
        <field name="Reference">SW</field>
        <field name="Value">SW_Push</field>
      </fields>
      <pins>
        <pin num="1" name="1" type="passive"/>
        <pin num="2" name="2" type="passive"/>
      </pins>
    </libpart>
  </libparts>
  <libraries>
    <library logical="Amplifier_Operational">
      <uri>C:\Program Files\KiCad\share\kicad\library/Amplifier_Operational.lib</uri>
    </library>
    <library logical="Analog_ADC">
      <uri>C:\Program Files\KiCad\share\kicad\library/Analog_ADC.lib</uri>
    </library>
    <library logical="Connector">
      <uri>C:\Program Files\KiCad\share\kicad\library/Connector.lib</uri>
    </library>
    <library logical="Connector_Generic">
      <uri>C:\Program Files\KiCad\share\kicad\library/Connector_Generic.lib</uri>
    </library>
    <library logical="Device">
      <uri>C:\Program Files\KiCad\share\kicad\library/Device.lib</uri>
    </library>
    <library logical="Mechanical">
      <uri>C:\Program Files\KiCad\share\kicad\library/Mechanical.lib</uri>
    </library>
    <library logical="NiCd-Battery-Tester-PCB-Rev-3-rescue">
      <uri>C:\Users\riley\OneDrive\Desktop\NiCd Battery Project\NiCd Battery Tester Rev 3\NiCd Battery Tester Rev 3/NiCd Battery Tester PCB Rev 3-rescue.lib</uri>
    </library>
    <library logical="Sensor_Current">
      <uri>C:\Program Files\KiCad\share\kicad\library/Sensor_Current.lib</uri>
    </library>
    <library logical="Switch">
      <uri>C:\Program Files\KiCad\share\kicad\library/Switch.lib</uri>
    </library>
  </libraries>
  <nets>
    <net code="1" name="Net-(F11-Pad2)">
      <node ref="F11" pin="2"/>
      <node ref="J1" pin="6"/>
    </net>
    <net code="2" name="Net-(F2-Pad2)">
      <node ref="F2" pin="2"/>
      <node ref="J1" pin="11"/>
    </net>
    <net code="3" name="Net-(F4-Pad2)">
      <node ref="F4" pin="2"/>
      <node ref="J1" pin="10"/>
    </net>
    <net code="4" name="Net-(F6-Pad2)">
      <node ref="F6" pin="2"/>
      <node ref="J1" pin="9"/>
    </net>
    <net code="5" name="Net-(R20-Pad2)">
      <node ref="U3" pin="6"/>
      <node ref="R20" pin="2"/>
      <node ref="R40" pin="1"/>
    </net>
    <net code="6" name="GND">
      <node ref="C6" pin="1"/>
      <node ref="C2" pin="2"/>
      <node ref="R33" pin="2"/>
      <node ref="R35" pin="2"/>
      <node ref="R37" pin="2"/>
      <node ref="R39" pin="2"/>
      <node ref="U2" pin="11"/>
      <node ref="SW2" pin="2"/>
      <node ref="R47" pin="2"/>
      <node ref="U1" pin="11"/>
      <node ref="TP11" pin="1"/>
      <node ref="C1" pin="2"/>
      <node ref="R45" pin="1"/>
      <node ref="U3" pin="11"/>
      <node ref="C3" pin="2"/>
      <node ref="J4" pin="3"/>
      <node ref="J5" pin="2"/>
      <node ref="J6" pin="2"/>
      <node ref="R31" pin="2"/>
      <node ref="R20" pin="1"/>
      <node ref="C7" pin="1"/>
      <node ref="U4" pin="4"/>
      <node ref="J3" pin="2"/>
      <node ref="R44" pin="2"/>
      <node ref="BZ1" pin="2"/>
      <node ref="SW1" pin="1"/>
      <node ref="R50" pin="2"/>
      <node ref="F2" pin="1"/>
      <node ref="R51" pin="1"/>
      <node ref="U4" pin="3"/>
      <node ref="C4" pin="1"/>
      <node ref="C5" pin="1"/>
      <node ref="U5" pin="5"/>
      <node ref="U6" pin="3"/>
      <node ref="R23" pin="2"/>
      <node ref="R21" pin="2"/>
      <node ref="R25" pin="2"/>
      <node ref="R27" pin="2"/>
      <node ref="R29" pin="2"/>
      <node ref="C8" pin="2"/>
    </net>
    <net code="7" name="9VDC_BUS">
      <node ref="U4" pin="1"/>
      <node ref="D2" pin="2"/>
      <node ref="U4" pin="2"/>
      <node ref="C2" pin="1"/>
      <node ref="C8" pin="1"/>
      <node ref="U2" pin="4"/>
      <node ref="U1" pin="4"/>
      <node ref="U3" pin="4"/>
      <node ref="C1" pin="1"/>
      <node ref="F12" pin="1"/>
      <node ref="C3" pin="1"/>
    </net>
    <net code="8" name="Net-(F8-Pad2)">
      <node ref="J1" pin="8"/>
      <node ref="F8" pin="2"/>
    </net>
    <net code="9" name="Net-(J1-Pad15)">
      <node ref="J1" pin="15"/>
    </net>
    <net code="10" name="Net-(J1-Pad14)">
      <node ref="J1" pin="14"/>
    </net>
    <net code="11" name="Net-(J1-Pad13)">
      <node ref="J1" pin="13"/>
    </net>
    <net code="12" name="Net-(J1-Pad12)">
      <node ref="J1" pin="12"/>
    </net>
    <net code="13" name="Net-(F10-Pad2)">
      <node ref="F10" pin="2"/>
      <node ref="J1" pin="7"/>
    </net>
    <net code="14" name="Net-(F9-Pad2)">
      <node ref="J1" pin="5"/>
      <node ref="F9" pin="2"/>
    </net>
    <net code="15" name="Net-(F7-Pad2)">
      <node ref="J1" pin="4"/>
      <node ref="F7" pin="2"/>
    </net>
    <net code="16" name="Net-(F5-Pad2)">
      <node ref="J1" pin="3"/>
      <node ref="F5" pin="2"/>
    </net>
    <net code="17" name="Net-(F3-Pad2)">
      <node ref="F3" pin="2"/>
      <node ref="J1" pin="2"/>
    </net>
    <net code="18" name="Net-(F1-Pad2)">
      <node ref="F1" pin="2"/>
      <node ref="J1" pin="1"/>
    </net>
    <net code="19" name="/OP-AMPS/CELL7_FUSED">
      <node ref="F10" pin="1"/>
      <node ref="R13" pin="1"/>
      <node ref="R12" pin="1"/>
    </net>
    <net code="20" name="/OP-AMPS/CELL8_FUSED">
      <node ref="R15" pin="1"/>
      <node ref="R14" pin="1"/>
      <node ref="F8" pin="1"/>
    </net>
    <net code="21" name="/OP-AMPS/CELL6_FUSED">
      <node ref="F11" pin="1"/>
      <node ref="R10" pin="1"/>
      <node ref="R11" pin="1"/>
    </net>
    <net code="22" name="A7">
      <node ref="R36" pin="2"/>
      <node ref="U4" pin="50"/>
      <node ref="TP8" pin="1"/>
      <node ref="U2" pin="14"/>
    </net>
    <net code="23" name="A5">
      <node ref="TP6" pin="1"/>
      <node ref="U2" pin="7"/>
      <node ref="R32" pin="2"/>
      <node ref="U4" pin="48"/>
    </net>
    <net code="24" name="Net-(R11-Pad2)">
      <node ref="U2" pin="5"/>
      <node ref="R31" pin="1"/>
      <node ref="R11" pin="2"/>
    </net>
    <net code="25" name="/OP-AMPS/CELL2_FUSED">
      <node ref="R3" pin="1"/>
      <node ref="F3" pin="1"/>
      <node ref="R2" pin="1"/>
    </net>
    <net code="26" name="Net-(R24-Pad1)">
      <node ref="U1" pin="6"/>
      <node ref="R4" pin="2"/>
      <node ref="R24" pin="1"/>
    </net>
    <net code="27" name="Net-(R23-Pad1)">
      <node ref="R23" pin="1"/>
      <node ref="U1" pin="5"/>
      <node ref="R3" pin="2"/>
    </net>
    <net code="28" name="Net-(R2-Pad2)">
      <node ref="U1" pin="2"/>
      <node ref="R2" pin="2"/>
      <node ref="R22" pin="1"/>
    </net>
    <net code="29" name="Net-(R1-Pad2)">
      <node ref="R1" pin="2"/>
      <node ref="U1" pin="3"/>
      <node ref="R21" pin="1"/>
    </net>
    <net code="30" name="Net-(R10-Pad2)">
      <node ref="R10" pin="2"/>
      <node ref="U2" pin="2"/>
      <node ref="R30" pin="1"/>
    </net>
    <net code="31" name="Net-(R16-Pad2)">
      <node ref="R36" pin="1"/>
      <node ref="U2" pin="13"/>
      <node ref="R16" pin="2"/>
    </net>
    <net code="32" name="A6">
      <node ref="R34" pin="2"/>
      <node ref="U2" pin="8"/>
      <node ref="TP7" pin="1"/>
      <node ref="U4" pin="49"/>
    </net>
    <net code="33" name="Net-(R14-Pad2)">
      <node ref="R14" pin="2"/>
      <node ref="U2" pin="9"/>
      <node ref="R34" pin="1"/>
    </net>
    <net code="34" name="Net-(R15-Pad2)">
      <node ref="R35" pin="1"/>
      <node ref="R15" pin="2"/>
      <node ref="U2" pin="12"/>
    </net>
    <net code="35" name="Net-(R12-Pad2)">
      <node ref="R12" pin="2"/>
      <node ref="R32" pin="1"/>
      <node ref="U2" pin="6"/>
    </net>
    <net code="36" name="Net-(R13-Pad2)">
      <node ref="R13" pin="2"/>
      <node ref="R33" pin="1"/>
      <node ref="U2" pin="10"/>
    </net>
    <net code="37" name="A8">
      <node ref="U4" pin="51"/>
      <node ref="TP9" pin="1"/>
      <node ref="R38" pin="2"/>
      <node ref="U3" pin="1"/>
    </net>
    <net code="38" name="A3">
      <node ref="U4" pin="46"/>
      <node ref="U1" pin="14"/>
      <node ref="R28" pin="2"/>
      <node ref="TP4" pin="1"/>
    </net>
    <net code="39" name="A2">
      <node ref="R26" pin="2"/>
      <node ref="U4" pin="45"/>
      <node ref="U1" pin="8"/>
      <node ref="TP3" pin="1"/>
    </net>
    <net code="40" name="A0">
      <node ref="TP1" pin="1"/>
      <node ref="U4" pin="43"/>
      <node ref="U1" pin="1"/>
      <node ref="R22" pin="2"/>
    </net>
    <net code="41" name="A4">
      <node ref="R30" pin="2"/>
      <node ref="U2" pin="1"/>
      <node ref="U4" pin="47"/>
      <node ref="TP5" pin="1"/>
    </net>
    <net code="42" name="Net-(R28-Pad1)">
      <node ref="R8" pin="2"/>
      <node ref="U1" pin="13"/>
      <node ref="R28" pin="1"/>
    </net>
    <net code="43" name="Net-(R29-Pad1)">
      <node ref="U2" pin="3"/>
      <node ref="R9" pin="2"/>
      <node ref="R29" pin="1"/>
    </net>
    <net code="44" name="Net-(R26-Pad1)">
      <node ref="R6" pin="2"/>
      <node ref="U1" pin="9"/>
      <node ref="R26" pin="1"/>
    </net>
    <net code="45" name="Net-(R27-Pad1)">
      <node ref="R27" pin="1"/>
      <node ref="U1" pin="12"/>
      <node ref="R7" pin="2"/>
    </net>
    <net code="46" name="A1">
      <node ref="U1" pin="7"/>
      <node ref="U4" pin="44"/>
      <node ref="R24" pin="2"/>
      <node ref="TP2" pin="1"/>
    </net>
    <net code="47" name="Net-(R25-Pad1)">
      <node ref="R5" pin="2"/>
      <node ref="R25" pin="1"/>
      <node ref="U1" pin="10"/>
    </net>
    <net code="48" name="/OP-AMPS/CELL1_FUSED">
      <node ref="R1" pin="1"/>
      <node ref="F1" pin="1"/>
    </net>
    <net code="49" name="Net-(R19-Pad2)">
      <node ref="R19" pin="2"/>
      <node ref="U3" pin="5"/>
      <node ref="R39" pin="1"/>
    </net>
    <net code="50" name="/OP-AMPS/CELL10_FUSED">
      <node ref="R18" pin="1"/>
      <node ref="R19" pin="1"/>
      <node ref="F4" pin="1"/>
    </net>
    <net code="51" name="Net-(R18-Pad2)">
      <node ref="U3" pin="2"/>
      <node ref="R38" pin="1"/>
      <node ref="R18" pin="2"/>
    </net>
    <net code="52" name="Net-(R17-Pad2)">
      <node ref="R37" pin="1"/>
      <node ref="R17" pin="2"/>
      <node ref="U3" pin="3"/>
    </net>
    <net code="53" name="/OP-AMPS/CELL9_FUSED">
      <node ref="F6" pin="1"/>
      <node ref="R16" pin="1"/>
      <node ref="R17" pin="1"/>
    </net>
    <net code="54" name="A9">
      <node ref="U4" pin="52"/>
      <node ref="TP10" pin="1"/>
      <node ref="R40" pin="2"/>
      <node ref="U3" pin="7"/>
    </net>
    <net code="55" name="/OP-AMPS/CELL5_FUSED">
      <node ref="F9" pin="1"/>
      <node ref="R8" pin="1"/>
      <node ref="R9" pin="1"/>
    </net>
    <net code="56" name="/OP-AMPS/CELL4_FUSED">
      <node ref="F7" pin="1"/>
      <node ref="R7" pin="1"/>
      <node ref="R6" pin="1"/>
    </net>
    <net code="57" name="/OP-AMPS/CELL3_FUSED">
      <node ref="R5" pin="1"/>
      <node ref="R4" pin="1"/>
      <node ref="F5" pin="1"/>
    </net>
    <net code="58" name="Net-(U4-Pad19)">
      <node ref="U4" pin="19"/>
    </net>
    <net code="59" name="Net-(U4-Pad18)">
      <node ref="U4" pin="18"/>
    </net>
    <net code="60" name="Net-(U4-Pad17)">
      <node ref="U4" pin="17"/>
    </net>
    <net code="61" name="Net-(U4-Pad16)">
      <node ref="U4" pin="16"/>
    </net>
    <net code="62" name="Net-(U4-Pad15)">
      <node ref="U4" pin="15"/>
    </net>
    <net code="63" name="D3">
      <node ref="R43" pin="2"/>
      <node ref="U4" pin="14"/>
    </net>
    <net code="64" name="DATA">
      <node ref="R52" pin="1"/>
      <node ref="U4" pin="13"/>
    </net>
    <net code="65" name="Net-(U4-Pad12)">
      <node ref="U4" pin="12"/>
    </net>
    <net code="66" name="Net-(U4-Pad11)">
      <node ref="U4" pin="11"/>
    </net>
    <net code="67" name="Net-(SW1-Pad2)">
      <node ref="SW1" pin="2"/>
      <node ref="U4" pin="10"/>
    </net>
    <net code="68" name="Net-(C5-Pad2)">
      <node ref="C5" pin="2"/>
      <node ref="U5" pin="6"/>
    </net>
    <net code="69" name="Net-(U4-Pad28)">
      <node ref="U4" pin="28"/>
    </net>
    <net code="70" name="Net-(U4-Pad36)">
      <node ref="U4" pin="36"/>
    </net>
    <net code="71" name="Net-(U4-Pad35)">
      <node ref="U4" pin="35"/>
    </net>
    <net code="72" name="Net-(U4-Pad34)">
      <node ref="U4" pin="34"/>
    </net>
    <net code="73" name="Net-(U4-Pad33)">
      <node ref="U4" pin="33"/>
    </net>
    <net code="74" name="Net-(U4-Pad30)">
      <node ref="U4" pin="30"/>
    </net>
    <net code="75" name="D18">
      <node ref="SW2" pin="1"/>
      <node ref="R42" pin="2"/>
      <node ref="C6" pin="2"/>
      <node ref="R45" pin="2"/>
      <node ref="U4" pin="29"/>
    </net>
    <net code="76" name="Net-(U4-Pad27)">
      <node ref="U4" pin="27"/>
    </net>
    <net code="77" name="Net-(U4-Pad26)">
      <node ref="U4" pin="26"/>
    </net>
    <net code="78" name="Net-(U4-Pad25)">
      <node ref="U4" pin="25"/>
    </net>
    <net code="79" name="Net-(U4-Pad24)">
      <node ref="U4" pin="24"/>
    </net>
    <net code="80" name="Net-(U4-Pad23)">
      <node ref="U4" pin="23"/>
    </net>
    <net code="81" name="Net-(U4-Pad22)">
      <node ref="U4" pin="22"/>
    </net>
    <net code="82" name="Net-(U4-Pad21)">
      <node ref="U4" pin="21"/>
    </net>
    <net code="83" name="Net-(U4-Pad20)">
      <node ref="U4" pin="20"/>
    </net>
    <net code="84" name="Net-(J2-Pad1)">
      <node ref="U5" pin="1"/>
      <node ref="U5" pin="2"/>
      <node ref="J2" pin="1"/>
    </net>
    <net code="85" name="SDA">
      <node ref="U6" pin="9"/>
      <node ref="J5" pin="3"/>
      <node ref="U4" pin="31"/>
      <node ref="R49" pin="2"/>
    </net>
    <net code="86" name="SCL">
      <node ref="R48" pin="2"/>
      <node ref="J5" pin="4"/>
      <node ref="U6" pin="10"/>
      <node ref="U4" pin="32"/>
    </net>
    <net code="87" name="Net-(R46-Pad2)">
      <node ref="U6" pin="2"/>
      <node ref="R46" pin="2"/>
    </net>
    <net code="88" name="Net-(J2-Pad2)">
      <node ref="U5" pin="4"/>
      <node ref="U5" pin="3"/>
      <node ref="J2" pin="2"/>
    </net>
    <net code="89" name="Net-(R47-Pad1)">
      <node ref="R47" pin="1"/>
      <node ref="U6" pin="1"/>
    </net>
    <net code="90" name="5V">
      <node ref="R41" pin="1"/>
      <node ref="D4" pin="2"/>
      <node ref="R46" pin="1"/>
      <node ref="U4" pin="6"/>
      <node ref="U4" pin="5"/>
      <node ref="R42" pin="1"/>
      <node ref="J4" pin="1"/>
      <node ref="J5" pin="1"/>
      <node ref="J6" pin="1"/>
      <node ref="C7" pin="2"/>
      <node ref="TP12" pin="1"/>
      <node ref="R48" pin="1"/>
      <node ref="U6" pin="8"/>
      <node ref="U5" pin="8"/>
      <node ref="R49" pin="1"/>
      <node ref="C4" pin="2"/>
    </net>
    <net code="91" name="Net-(U5-Pad7)">
      <node ref="U6" pin="4"/>
      <node ref="U5" pin="7"/>
    </net>
    <net code="92" name="MOSI">
      <node ref="U4" pin="78"/>
      <node ref="J6" pin="4"/>
    </net>
    <net code="93" name="Net-(U4-Pad86)">
      <node ref="U4" pin="86"/>
    </net>
    <net code="94" name="Net-(U4-Pad85)">
      <node ref="U4" pin="85"/>
    </net>
    <net code="95" name="Net-(U4-Pad84)">
      <node ref="U4" pin="84"/>
    </net>
    <net code="96" name="Net-(U4-Pad83)">
      <node ref="U4" pin="83"/>
    </net>
    <net code="97" name="Net-(U4-Pad82)">
      <node ref="U4" pin="82"/>
    </net>
    <net code="98" name="Net-(U4-Pad81)">
      <node ref="U4" pin="81"/>
    </net>
    <net code="99" name="3V3">
      <node ref="U4" pin="7"/>
      <node ref="U4" pin="8"/>
    </net>
    <net code="100" name="SCK">
      <node ref="J6" pin="5"/>
      <node ref="U4" pin="79"/>
    </net>
    <net code="101" name="AREF">
      <node ref="R41" pin="2"/>
      <node ref="U4" pin="9"/>
      <node ref="R44" pin="1"/>
    </net>
    <net code="102" name="MISO">
      <node ref="J6" pin="3"/>
      <node ref="U4" pin="77"/>
    </net>
    <net code="103" name="Net-(U4-Pad76)">
      <node ref="U4" pin="76"/>
    </net>
    <net code="104" name="Net-(U4-Pad75)">
      <node ref="U4" pin="75"/>
    </net>
    <net code="105" name="Net-(U4-Pad74)">
      <node ref="U4" pin="74"/>
    </net>
    <net code="106" name="Net-(U4-Pad73)">
      <node ref="U4" pin="73"/>
    </net>
    <net code="107" name="Net-(U4-Pad72)">
      <node ref="U4" pin="72"/>
    </net>
    <net code="108" name="Net-(U4-Pad71)">
      <node ref="U4" pin="71"/>
    </net>
    <net code="109" name="Net-(U4-Pad70)">
      <node ref="U4" pin="70"/>
    </net>
    <net code="110" name="Net-(U4-Pad53)">
      <node ref="U4" pin="53"/>
    </net>
    <net code="111" name="Net-(U4-Pad42)">
      <node ref="U4" pin="42"/>
    </net>
    <net code="112" name="Net-(U4-Pad41)">
      <node ref="U4" pin="41"/>
    </net>
    <net code="113" name="Net-(U4-Pad40)">
      <node ref="U4" pin="40"/>
    </net>
    <net code="114" name="Net-(U4-Pad39)">
      <node ref="U4" pin="39"/>
    </net>
    <net code="115" name="Net-(U4-Pad38)">
      <node ref="U4" pin="38"/>
    </net>
    <net code="116" name="Net-(BZ1-Pad1)">
      <node ref="BZ1" pin="1"/>
      <node ref="R43" pin="1"/>
    </net>
    <net code="117" name="Net-(U4-Pad61)">
      <node ref="U4" pin="61"/>
    </net>
    <net code="118" name="Net-(U4-Pad69)">
      <node ref="U4" pin="69"/>
    </net>
    <net code="119" name="Net-(U4-Pad68)">
      <node ref="U4" pin="68"/>
    </net>
    <net code="120" name="Net-(U4-Pad67)">
      <node ref="U4" pin="67"/>
    </net>
    <net code="121" name="Net-(U4-Pad66)">
      <node ref="U4" pin="66"/>
    </net>
    <net code="122" name="Net-(U4-Pad65)">
      <node ref="U4" pin="65"/>
    </net>
    <net code="123" name="Net-(U4-Pad64)">
      <node ref="U4" pin="64"/>
    </net>
    <net code="124" name="Net-(U4-Pad63)">
      <node ref="U4" pin="63"/>
    </net>
    <net code="125" name="Net-(U4-Pad62)">
      <node ref="U4" pin="62"/>
    </net>
    <net code="126" name="Net-(U4-Pad37)">
      <node ref="U4" pin="37"/>
    </net>
    <net code="127" name="Net-(U4-Pad60)">
      <node ref="U4" pin="60"/>
    </net>
    <net code="128" name="Net-(U4-Pad59)">
      <node ref="U4" pin="59"/>
    </net>
    <net code="129" name="Net-(U4-Pad58)">
      <node ref="U4" pin="58"/>
    </net>
    <net code="130" name="Net-(U4-Pad57)">
      <node ref="U4" pin="57"/>
    </net>
    <net code="131" name="Net-(U4-Pad56)">
      <node ref="U4" pin="56"/>
    </net>
    <net code="132" name="Net-(U4-Pad55)">
      <node ref="U4" pin="55"/>
    </net>
    <net code="133" name="Net-(U4-Pad54)">
      <node ref="U4" pin="54"/>
    </net>
    <net code="134" name="CS">
      <node ref="U4" pin="80"/>
      <node ref="J6" pin="6"/>
    </net>
    <net code="135" name="Net-(U6-Pad7)">
      <node ref="U6" pin="7"/>
    </net>
    <net code="136" name="Net-(U6-Pad6)">
      <node ref="U6" pin="6"/>
    </net>
    <net code="137" name="Net-(U6-Pad5)">
      <node ref="U6" pin="5"/>
    </net>
    <net code="138" name="Net-(J4-Pad2)">
      <node ref="J4" pin="2"/>
      <node ref="R52" pin="2"/>
    </net>
    <net code="139" name="Net-(F12-Pad2)">
      <node ref="F12" pin="2"/>
      <node ref="J3" pin="1"/>
    </net>
    <net code="140" name="Net-(D2-Pad1)">
      <node ref="D2" pin="1"/>
      <node ref="R50" pin="1"/>
    </net>
    <net code="141" name="Net-(D4-Pad1)">
      <node ref="R51" pin="2"/>
      <node ref="D4" pin="1"/>
    </net>
  </nets>
</export>
